{"cameraMode":{"drawMode":0,"name":"Shaded","section":"Shading Mode"},"sceneLighting":true,"audioPlay":false,"sceneViewState":{"showFog":false,"showMaterialUpdate":false,"showSkybox":false,"showFlares":false,"showImageEffects":false,"showParticleSystems":false},"in2DMode":false,"pivot":{"x":49.45024108886719,"y":-54.7724723815918,"z":341.9290466308594},"rotation":{"x":-0.13850630819797517,"y":-0.10910395532846451,"z":0.015354011207818985,"w":-0.984216034412384},"size":227.9742431640625,"orthographic":false}